,ACCOUNTANT,ADVOCATE,AGRICULTURE,APPAREL,ARTS,AUTOMOBILE,AVIATION,BANKING,BPO,BUSINESS-DEVELOPMENT,CHEF,CONSTRUCTION,CONSULTANT,DESIGNER,DIGITAL-MEDIA,ENGINEERING,FINANCE,FITNESS,HEALTHCARE,HR,INFORMATION-TECHNOLOGY,PUBLIC-RELATIONS,SALES,TEACHER
accountant,1.0,,,,,,,,,,,,,,,,,,,,,,,
accountant summary,0.6983195229655463,,,,,,,,,,,,,,,,,,,,,,,
entries,0.3880372603534614,,,,,,,,,,,,,,,,,,,,,,,
excel,0.38356087268216493,,,,,,,,,,,,,,,,,,,,,,,
vodafone,0.2961815760169483,,,,,,,,,,,,,,,,,,,,,,,
property,0.2950978060164868,,,,,,,,,,,,,,,,,,,,,,,
fund,0.2908325073750311,,,,,,,,,,,,,,,,,,,,,,,
customers,0.2892169955678946,,,,,,,,,,,,,,,,,,,,,,,
balance,0.2837367539634569,,,,,,,,,,,,,,,,,,,,,,,
accounting,0.2790627558521497,,,,,,,,,,,,,,,,,,,,,,,
advocate,,1.0,,,,,,,,,,,,,,,,,,,,,,
miami university,,0.1870021836116601,,,,,,,,,,,,,,,,,,,,,,
express scripts,,0.17201276518975006,,,,,,,,,,,,,,,,,,,,,,
ecare,,0.17009490782960213,,,,,,,,,,,,,,,,,,,,,,
aix,,0.1565337167912514,,,,,,,,,,,,,,,,,,,,,,
blood,,0.1550357971885208,,,,,,,,,,,,,,,,,,,,,,
law,,0.15288209039036538,,,,,,,,,,,,,,,,,,,,,,
â city,,0.15269211100201902,,,,,,,,,,,,,,,,,,,,,,
fundraising director,,0.14530723847291058,,,,,,,,,,,,,,,,,,,,,,
clinical,,0.12904812396248405,,,,,,,,,,,,,,,,,,,,,,
agriculture,,,1.0,,,,,,,,,,,,,,,,,,,,,
molecular,,,0.37962090873087045,,,,,,,,,,,,,,,,,,,,,
loan review,,,0.2596906265203709,,,,,,,,,,,,,,,,,,,,,
water,,,0.24785551022089597,,,,,,,,,,,,,,,,,,,,,
biological science,,,0.2435910254433375,,,,,,,,,,,,,,,,,,,,,
mi,,,0.23378039671911355,,,,,,,,,,,,,,,,,,,,,
trees,,,0.23149297211692849,,,,,,,,,,,,,,,,,,,,,
therapeutic,,,0.23134822747935008,,,,,,,,,,,,,,,,,,,,,
epic,,,0.21026064405574837,,,,,,,,,,,,,,,,,,,,,
supervisor,,,0.1990890039900911,,,,,,,,,,,,,,,,,,,,,
apparel,,,,0.9999999999999999,,,,,,,,,,,,,,,,,,,,
merchandising,,,,0.38227439682106323,,,,,,,,,,,,,,,,,,,,
fashion,,,,0.34522319055161665,,,,,,,,,,,,,,,,,,,,
use abuse,,,,0.3115302680601314,,,,,,,,,,,,,,,,,,,,
influencers,,,,0.30013561739686867,,,,,,,,,,,,,,,,,,,,
buyer,,,,0.28162035829512344,,,,,,,,,,,,,,,,,,,,
1998,,,,0.24488146299000554,,,,,,,,,,,,,,,,,,,,
sales support,,,,0.235650193091128,,,,,,,,,,,,,,,,,,,,
stylist,,,,0.23298938740744235,,,,,,,,,,,,,,,,,,,,
swim,,,,0.23061094104692845,,,,,,,,,,,,,,,,,,,,
arts,,,,,1.0,,,,,,,,,,,,,,,,,,,
martial,,,,,0.8636237432111795,,,,,,,,,,,,,,,,,,,
arts teacher,,,,,0.7580177297353861,,,,,,,,,,,,,,,,,,,
venue,,,,,0.5739499075545271,,,,,,,,,,,,,,,,,,,
boost mobile,,,,,0.5671784294577122,,,,,,,,,,,,,,,,,,,
reception,,,,,0.5365040186218858,,,,,,,,,,,,,,,,,,,
liaison,,,,,0.5280132913926594,,,,,,,,,,,,,,,,,,,
acquisitions dispositions,,,,,0.5122971661191289,,,,,,,,,,,,,,,,,,,
transactions sales,,,,,0.4850959717476262,,,,,,,,,,,,,,,,,,,
replenishment,,,,,0.48247053153969643,,,,,,,,,,,,,,,,,,,
automobile,,,,,,1.0,,,,,,,,,,,,,,,,,,
aaa,,,,,,0.512853925568212,,,,,,,,,,,,,,,,,,
attention,,,,,,0.4188979641465961,,,,,,,,,,,,,,,,,,
assisted members,,,,,,0.35795444523864606,,,,,,,,,,,,,,,,,,
industrial systems,,,,,,0.33253902205386854,,,,,,,,,,,,,,,,,,
organization development,,,,,,0.3043959120931973,,,,,,,,,,,,,,,,,,
tvs,,,,,,0.24816613721913958,,,,,,,,,,,,,,,,,,
criminal,,,,,,0.2475811061064202,,,,,,,,,,,,,,,,,,
yrs,,,,,,0.23510240544390906,,,,,,,,,,,,,,,,,,
strong problem,,,,,,0.21275258966297286,,,,,,,,,,,,,,,,,,
aviation,,,,,,,1.0,,,,,,,,,,,,,,,,,
flight,,,,,,,0.4601997533133311,,,,,,,,,,,,,,,,,
aircraft,,,,,,,0.4479130592701891,,,,,,,,,,,,,,,,,
microsoft certified,,,,,,,0.437570634039168,,,,,,,,,,,,,,,,,
freight,,,,,,,0.43161612247102477,,,,,,,,,,,,,,,,,
12,,,,,,,0.43116957140262535,,,,,,,,,,,,,,,,,
brigade,,,,,,,0.4303015147417024,,,,,,,,,,,,,,,,,
php,,,,,,,0.4291438760146211,,,,,,,,,,,,,,,,,
travel,,,,,,,0.42274072291898623,,,,,,,,,,,,,,,,,
fuel,,,,,,,0.4148327728844546,,,,,,,,,,,,,,,,,
banking,,,,,,,,1.0,,,,,,,,,,,,,,,,
partners,,,,,,,,0.6932347158920689,,,,,,,,,,,,,,,,
chinese,,,,,,,,0.6806465114825143,,,,,,,,,,,,,,,,
teller,,,,,,,,0.5741521223874351,,,,,,,,,,,,,,,,
regional sales,,,,,,,,0.5612888585436987,,,,,,,,,,,,,,,,
controller city,,,,,,,,0.5459802806117666,,,,,,,,,,,,,,,,
loans,,,,,,,,0.5320597866795416,,,,,,,,,,,,,,,,
desk,,,,,,,,0.5297864488667111,,,,,,,,,,,,,,,,
aid,,,,,,,,0.507317954704634,,,,,,,,,,,,,,,,
firm,,,,,,,,0.5036153639639395,,,,,,,,,,,,,,,,
bpo,,,,,,,,,1.0,,,,,,,,,,,,,,,
cams,,,,,,,,,0.373697555877276,,,,,,,,,,,,,,,
chennai,,,,,,,,,0.31543959845721353,,,,,,,,,,,,,,,
configuration,,,,,,,,,0.310206552728428,,,,,,,,,,,,,,,
metrics,,,,,,,,,0.2930900428870277,,,,,,,,,,,,,,,
functional,,,,,,,,,0.26253932621925896,,,,,,,,,,,,,,,
workforce,,,,,,,,,0.2556580566474445,,,,,,,,,,,,,,,
end,,,,,,,,,0.23014798615638182,,,,,,,,,,,,,,,
ttf,,,,,,,,,0.22427846125360662,,,,,,,,,,,,,,,
po,,,,,,,,,0.21172725455119762,,,,,,,,,,,,,,,
business development,,,,,,,,,,1.0,,,,,,,,,,,,,,
experience business,,,,,,,,,,0.8217588839219048,,,,,,,,,,,,,,
development manager,,,,,,,,,,0.5996511060464342,,,,,,,,,,,,,,
director business,,,,,,,,,,0.5787737974851761,,,,,,,,,,,,,,
scheib,,,,,,,,,,0.32408892251484495,,,,,,,,,,,,,,
branch,,,,,,,,,,0.3171063611367166,,,,,,,,,,,,,,
martin county,,,,,,,,,,0.31246326653510126,,,,,,,,,,,,,,
calls,,,,,,,,,,0.3081454753569812,,,,,,,,,,,,,,
networking,,,,,,,,,,0.3080730399310201,,,,,,,,,,,,,,
ghana coursework,,,,,,,,,,0.3031011384697519,,,,,,,,,,,,,,
chef,,,,,,,,,,,1.0,,,,,,,,,,,,,
olympics,,,,,,,,,,,0.2354778831339543,,,,,,,,,,,,,
cutco,,,,,,,,,,,0.202501887664224,,,,,,,,,,,,,
coding,,,,,,,,,,,0.1966201313585172,,,,,,,,,,,,,
in-home,,,,,,,,,,,0.1957007926778035,,,,,,,,,,,,,
answered,,,,,,,,,,,0.19414601809563511,,,,,,,,,,,,,
junior league,,,,,,,,,,,0.1815214653025184,,,,,,,,,,,,,
training,,,,,,,,,,,0.16156502491529595,,,,,,,,,,,,,
food,,,,,,,,,,,0.16034671431639352,,,,,,,,,,,,,
intelligence,,,,,,,,,,,0.14688533970152093,,,,,,,,,,,,,
construction,,,,,,,,,,,,1.0,,,,,,,,,,,,
concrete,,,,,,,,,,,,0.807553721042135,,,,,,,,,,,,
construction worker,,,,,,,,,,,,0.8022870400936293,,,,,,,,,,,,
apartments,,,,,,,,,,,,0.7077467880634534,,,,,,,,,,,,
work,,,,,,,,,,,,0.4601625823853015,,,,,,,,,,,,
que,,,,,,,,,,,,0.4452658085915171,,,,,,,,,,,,
general ledger,,,,,,,,,,,,0.4449307183069399,,,,,0.3594411722284311,,,,,,,
electric,,,,,,,,,,,,0.4328091849901634,,,,,,,,,,,,
real,,,,,,,,,,,,0.375478404929643,,,,,,,,,,,,
equipment,,,,,,,,,,,,0.34001517876348103,,,,,,,,,,,,
experience consultant,,,,,,,,,,,,,1.0,,,,,,,,,,,
consultant,,,,,,,,,,,,,0.6434591117380101,,,,,,,,,,,
consultant summary,,,,,,,,,,,,,0.39072959401976504,,,,,,,,,,,
consultant professional,,,,,,,,,,,,,0.3105140191860456,,,,,,,,,,,
laptops,,,,,,,,,,,,,0.2330396499186591,,,,,,,,,,,
market,,,,,,,,,,,,,0.21677691547113767,,,,,,,,,,,
integration,,,,,,,,,,,,,0.19997105226548684,,,,,,,,,,,
bangladesh,,,,,,,,,,,,,0.19904901173842907,,,,,,,,,,,
cost,,,,,,,,,,,,,0.1958823451940729,,,,,,,,,,,
state consultant,,,,,,,,,,,,,0.19090726228334515,,,,,,,,,,,
designer,,,,,,,,,,,,,,1.0,,,,,,,,,,
designer summary,,,,,,,,,,,,,,0.6551222288864127,,,,,,,,,,
designing,,,,,,,,,,,,,,0.6431045928636128,,,,,,,,,,
hair,,,,,,,,,,,,,,0.4838880510179604,,,,,,,,,,
design,,,,,,,,,,,,,,0.4717263552393882,,,,,,,,,,
used,,,,,,,,,,,,,,0.4716274534124412,,,,,,,,,,
technical designer,,,,,,,,,,,,,,0.45548969567706343,,,,,,,,,,
responsibilities,,,,,,,,,,,,,,0.45341692985735943,,,,,,,,,,
modeling,,,,,,,,,,,,,,0.4470598982127002,,,,,,,,,,
instructional,,,,,,,,,,,,,,0.4469813318598179,,,,,,,,,,
media administrator,,,,,,,,,,,,,,,1.0,,,,,,,,,
digital,,,,,,,,,,,,,,,0.9625897333656493,,,,,,,,,
digital media,,,,,,,,,,,,,,,0.9139811421792459,,,,,,,,,
esxi,,,,,,,,,,,,,,,0.7326119410003883,,,,,,,,,
leave,,,,,,,,,,,,,,,0.7256411768966837,,,,,,,,,
flint,,,,,,,,,,,,,,,0.7102495426891153,,,,,,,,,
achieved 100,,,,,,,,,,,,,,,0.6852003776007385,,,,,,,,,
cuban,,,,,,,,,,,,,,,0.6780463017848801,,,,,,,,,
features,,,,,,,,,,,,,,,0.637835981056867,,,,,,,,,
dispute,,,,,,,,,,,,,,,0.6360657525663261,,,,,,,,,
experience engineering,,,,,,,,,,,,,,,,1.0,,,,,,,,
engineering,,,,,,,,,,,,,,,,0.7207416242882942,,,,,,,,
engineering manager,,,,,,,,,,,,,,,,0.7123810198247071,,,,,,,,
engineering technician,,,,,,,,,,,,,,,,0.5433208062866954,,,,,,,,
cnc,,,,,,,,,,,,,,,,0.34848492971225936,,,,,,,,
generators,,,,,,,,,,,,,,,,0.34385783263058906,,,,,,,,
os,,,,,,,,,,,,,,,,0.32756884730962965,,,,,,,,
robotics,,,,,,,,,,,,,,,,0.3239101685375909,,,,,,,,
ability,,,,,,,,,,,,,,,,0.2980652477809776,,,,,,,,
flexible team,,,,,,,,,,,,,,,,0.2973959027144852,,,,,,,,
finance,,,,,,,,,,,,,,,,,1.0,,,,,,,
finance manager,,,,,,,,,,,,,,,,,0.8567105516692,,,,,,,
experience finance,,,,,,,,,,,,,,,,,0.7603852243495322,,,,,,,
finance operations,,,,,,,,,,,,,,,,,0.477959770411601,,,,,,,
finance assistant,,,,,,,,,,,,,,,,,0.47758610435755877,,,,,,,
finance specialist,,,,,,,,,,,,,,,,,0.39718813852014245,,,,,,,
monthly preparation,,,,,,,,,,,,,,,,,0.3513852305711418,,,,,,,
reconciliation,,,,,,,,,,,,,,,,,0.3430750262984116,,,,,,,
computer applications,,,,,,,,,,,,,,,,,0.3391971040699591,,,,,,,
fitness,,,,,,,,,,,,,,,,,,0.9999999999999999,,,,,,
science psychology,,,,,,,,,,,,,,,,,,0.3288408471693941,,,,,,
operate,,,,,,,,,,,,,,,,,,0.31532890412329995,,,,,,
commodity,,,,,,,,,,,,,,,,,,0.29502406142323345,,,,,,
facility,,,,,,,,,,,,,,,,,,0.27169093908556574,,,,,,
2016,,,,,,,,,,,,,,,,,,0.26826264034823055,,,,,,
heat,,,,,,,,,,,,,,,,,,0.2516584800310797,,,,,,
endocrine,,,,,,,,,,,,,,,,,,0.24466315326130533,,,,,,
gym,,,,,,,,,,,,,,,,,,0.24095317621830215,,,,,,
suspense,,,,,,,,,,,,,,,,,,0.22918055618970448,,,,,,
healthcare,,,,,,,,,,,,,,,,,,,1.0,,,,,
territory,,,,,,,,,,,,,,,,,,,0.3569379282980452,,,,,
care,,,,,,,,,,,,,,,,,,,0.3470093435248282,,,,,
planning,,,,,,,,,,,,,,,,,,,0.3385193203751424,,,,,
medicine,,,,,,,,,,,,,,,,,,,0.3345706948805336,,,,,
mba,,,,,,,,,,,,,,,,,,,0.32488286022397594,,,,,
access,,,,,,,,,,,,,,,,,,,0.3104173771600996,,,,,
charts,,,,,,,,,,,,,,,,,,,0.30947900513799753,,,,,
daily living,,,,,,,,,,,,,,,,,,,0.29829111336139086,,,,,
performs,,,,,,,,,,,,,,,,,,,0.28565398903768147,,,,,
experience hr,,,,,,,,,,,,,,,,,,,,1.0,,,,
hr,,,,,,,,,,,,,,,,,,,,0.8114107535681888,,,,
assist,,,,,,,,,,,,,,,,,,,,0.5576847843674831,,,,
employee,,,,,,,,,,,,,,,,,,,,0.4788343531499563,,,,
union,,,,,,,,,,,,,,,,,,,,0.4706053815618926,,,,
transactions,,,,,,,,,,,,,,,,,,,,0.46317917193982594,,,,
human,,,,,,,,,,,,,,,,,,,,0.44616692823818693,,,,
completed,,,,,,,,,,,,,,,,,,,,0.4397975105550882,,,,
counselling,,,,,,,,,,,,,,,,,,,,0.4336644985165399,,,,
non-immigrant,,,,,,,,,,,,,,,,,,,,0.39847954378457323,,,,
information technology,,,,,,,,,,,,,,,,,,,,,1.0,,,
military civilian,,,,,,,,,,,,,,,,,,,,,0.5155762386414074,,,
technology specialist,,,,,,,,,,,,,,,,,,,,,0.40074046844605093,,,
technology,,,,,,,,,,,,,,,,,,,,,0.3946360319856158,,,
systems,,,,,,,,,,,,,,,,,,,,,0.3939611787091195,,,
rf,,,,,,,,,,,,,,,,,,,,,0.37722410010889107,,,
pharmacy,,,,,,,,,,,,,,,,,,,,,0.3687402496732719,,,
data,,,,,,,,,,,,,,,,,,,,,0.36231778260396563,,,
sap,,,,,,,,,,,,,,,,,,,,,0.3605376673977872,,,
net,,,,,,,,,,,,,,,,,,,,,0.3526202675846798,,,
public relations,,,,,,,,,,,,,,,,,,,,,,1.0,,
photo,,,,,,,,,,,,,,,,,,,,,,0.5902664758920863,,
outreach,,,,,,,,,,,,,,,,,,,,,,0.49601337414029945,,
communication,,,,,,,,,,,,,,,,,,,,,,0.49559378616588823,,
events,,,,,,,,,,,,,,,,,,,,,,0.43005906631817625,,
advertisements,,,,,,,,,,,,,,,,,,,,,,0.42355149149556914,,
internet billing,,,,,,,,,,,,,,,,,,,,,,0.4062205767017247,,
guests,,,,,,,,,,,,,,,,,,,,,,0.38978395194293475,,
relations officer,,,,,,,,,,,,,,,,,,,,,,0.38783594944333477,,
public,,,,,,,,,,,,,,,,,,,,,,0.3703081048843735,,
experience sales,,,,,,,,,,,,,,,,,,,,,,,1.0,
sales summary,,,,,,,,,,,,,,,,,,,,,,,0.7519871927734718,
quick learner,,,,,,,,,,,,,,,,,,,,,,,0.4644584038471165,
sales associate,,,,,,,,,,,,,,,,,,,,,,,0.39968938158237494,
40 today,,,,,,,,,,,,,,,,,,,,,,,0.3700113586821443,
associate summary,,,,,,,,,,,,,,,,,,,,,,,0.36970343820124263,
sales,,,,,,,,,,,,,,,,,,,,,,,0.34538227357428686,
plumber,,,,,,,,,,,,,,,,,,,,,,,0.3421015559364544,
accurately,,,,,,,,,,,,,,,,,,,,,,,0.33747276588993,
option,,,,,,,,,,,,,,,,,,,,,,,0.31929207387655345,
teacher summary,,,,,,,,,,,,,,,,,,,,,,,,0.9999999999999999
teacher,,,,,,,,,,,,,,,,,,,,,,,,0.6779973617841235
mathematics,,,,,,,,,,,,,,,,,,,,,,,,0.4832706708151888
trs,,,,,,,,,,,,,,,,,,,,,,,,0.46998263751743685
learning,,,,,,,,,,,,,,,,,,,,,,,,0.458853122900646
las vegas,,,,,,,,,,,,,,,,,,,,,,,,0.4416685315240713
youth,,,,,,,,,,,,,,,,,,,,,,,,0.4173518267519415
activities,,,,,,,,,,,,,,,,,,,,,,,,0.41719251987040035
studentâ athletes,,,,,,,,,,,,,,,,,,,,,,,,0.4139684120156995
experience teacher,,,,,,,,,,,,,,,,,,,,,,,,0.4116241475775355
